<?xml version="1.0" encoding="UTF-8"?>
<lomes:lom xmlns:lomes="http://ltsc.ieee.org/xsd/LOM" xmlns:xsi="http://www.w3.org/2001/XMLSchema-instance" xsi:schemaLocation="http://ltsc.ieee.org/xsd/LOM lomCustom.xsd" xsi:type="lomes:lom">
	<lomes:general >
                	<lomes:identifier >
                    	<lomes:catalog >Plataforma Agrega</lomes:catalog>

                    	<lomes:entry >ODE-6e877374-892f-3b59-b9ef-5645c14e398d</lomes:entry>

                </lomes:identifier>

                	<lomes:identifier >
                    	<lomes:catalog >Plataforma Agrega</lomes:catalog>

                    	<lomes:entry ></lomes:entry>

                </lomes:identifier>

                	<lomes:identifier >
                    	<lomes:catalog >Catálogo unificado mec-red.es-ccaa de identificación de ODE</lomes:catalog>

                    	<lomes:entry >es_2020111312_9122503</lomes:entry>

                </lomes:identifier>

                	<lomes:title >
                    	<lomes:string  language="es">Aparato circulatorio</lomes:string>

                </lomes:title>

                	<lomes:language >es</lomes:language>

                	<lomes:description >
                    	<lomes:string  language="es">UD para trabajar el aparato circulatorio en el módulo de ASISE dentro del CFGM en Emergencias Sanitarias</lomes:string>

                </lomes:description>

                	<lomes:keyword >
                    	<lomes:string  language="es">corazón</lomes:string>

                </lomes:keyword>

                	<lomes:keyword >
                    	<lomes:string  language="es">ASISE</lomes:string>

                </lomes:keyword>

                	<lomes:keyword >
                    	<lomes:string  language="es">TES</lomes:string>

                </lomes:keyword>

                	<lomes:aggregationLevel >
                    	<lomes:source >LOM-ESv1.0</lomes:source>

                    	<lomes:value >2</lomes:value>

                </lomes:aggregationLevel>

            </lomes:general>
	<lomes:lifeCycle >
                	<lomes:contribute >
                    	<lomes:role >
                        	<lomes:source >LOM-ESv1.0</lomes:source>

                        	<lomes:value >publisher</lomes:value>

                    </lomes:role>

                    	<lomes:entity >BEGIN:VCARD VERSION:3.0 FN: ALBERTO ROMERO MOYA EMAIL;TYPE=INTERNET:  ORG: Plataforma Agrega</lomes:entity>

                    	<lomes:date >
                        	<lomes:dateTime >2020-11-13T12:25:04.854Z</lomes:dateTime>

                        	<lomes:description >
                            	<lomes:string >Fecha de publicación en Agrega</lomes:string>

                        </lomes:description>

                    </lomes:date>

                </lomes:contribute>

                	<lomes:contribute >
                    	<lomes:role >
                        	<lomes:source >LOM-ESv1.0</lomes:source>

                        	<lomes:value >author</lomes:value>

                    </lomes:role>

                    	<lomes:entity >BEGIN:VCARD VERSION:3.0 FN: ALBERTO ROMERO MOYA EMAIL;TYPE=INTERNET: ORG: Plataforma Agrega-WebSemantica</lomes:entity>

                    	<lomes:date >
                        	<lomes:dateTime >2020-11-13T12:25:02.631Z</lomes:dateTime>

                        	<lomes:description >
                            	<lomes:string >Fecha de creación en Agrega</lomes:string>

                        </lomes:description>

                    </lomes:date>

                </lomes:contribute>

                	<lomes:contribute >
                    	<lomes:role >
                        	<lomes:source >LOM-ESv1.0</lomes:source>

                        	<lomes:value >author</lomes:value>

                    </lomes:role>

                    	<lomes:entity >BEGIN:VCARD VERSION:3.0 FN: ALBERTO ROMERO MOYA EMAIL;TYPE=INTERNET:albertdue85@gmail.com END:VCARD</lomes:entity>

                    	<lomes:date >
                        	<lomes:dateTime >2020-11-13T12:25:07.000Z</lomes:dateTime>

                        	<lomes:description >
                            	<lomes:string >Fecha de creación</lomes:string>

                        </lomes:description>

                    </lomes:date>

                </lomes:contribute>

            </lomes:lifeCycle>
	<lomes:metaMetadata >
                	<lomes:identifier >
                    	<lomes:catalog >Plataforma Agrega</lomes:catalog>

                    	<lomes:entry >ODE-6e877374-892f-3b59-b9ef-5645c14e398d-meta</lomes:entry>

                </lomes:identifier>

                	<lomes:metadataSchema >LOM-ESv1.0</lomes:metadataSchema>

                	<lomes:language >es</lomes:language>

            </lomes:metaMetadata>
	<lomes:technical >
                	<lomes:location >http://agrega.educacion.es/ODE/es/es_2020111312_9122503</lomes:location>

                	<lomes:installationRemarks >
                    	<lomes:string  language="es"></lomes:string>

                </lomes:installationRemarks>

            </lomes:technical>
	<lomes:educational >
                	<lomes:learningResourceType >
                    	<lomes:source >LOM-ESv1.0</lomes:source>

                    	<lomes:value >master class</lomes:value>

                </lomes:learningResourceType>

                	<lomes:intendedEndUserRole >
                    	<lomes:source >LOM-ESv1.0</lomes:source>

                    	<lomes:value >learner</lomes:value>

                </lomes:intendedEndUserRole>

                	<lomes:intendedEndUserRole >
                    	<lomes:source >LOM-ESv1.0</lomes:source>

                    	<lomes:value >individual</lomes:value>

                </lomes:intendedEndUserRole>

                	<lomes:context >
                    	<lomes:source >LOM-ESv1.0</lomes:source>

                    	<lomes:value >classroom</lomes:value>

                </lomes:context>

                	<lomes:context >
                    	<lomes:source >LOM-ESv1.0</lomes:source>

                    	<lomes:value >laboratory</lomes:value>

                </lomes:context>

                	<lomes:context >
                    	<lomes:source >LOM-ESv1.0</lomes:source>

                    	<lomes:value >blended</lomes:value>

                </lomes:context>

                	<lomes:context >
                    	<lomes:source >LOM-ESv1.0</lomes:source>

                    	<lomes:value >presencial</lomes:value>

                </lomes:context>

                	<lomes:description >
                    	<lomes:string  language="es"></lomes:string>

                </lomes:description>

                	<lomes:description >
                    	<lomes:string  language="es"></lomes:string>

                </lomes:description>

                	<lomes:language >es</lomes:language>

            </lomes:educational>
	<lomes:rights >
                	<lomes:copyrightAndOtherRestrictions >
                    	<lomes:source >LOM-ESv1.0</lomes:source>

                    	<lomes:value >creative commons: attribution - non commercial - share alike</lomes:value>

                </lomes:copyrightAndOtherRestrictions>

                	<lomes:access >
                    	<lomes:accessType >
                        	<lomes:source >LOM-ESv1.0</lomes:source>

                        	<lomes:value >universal</lomes:value>

                    </lomes:accessType>

                    	<lomes:description >
                        	<lomes:string >es_andalucia_20090324,es_aragon_20080930,es_baleares_200907131205,es_canarias_20090114,es_cantabria_20081215,es_clm_20091103121523455,es_castillayleon_201002241811,es_euskadi_20100423,es_extremadura_20111222,galicia20091006,es_larioja_20081107,es_{nodo}_20080923,es_na_90348943,es_valencia_201101241416,es_cnice_20080623</lomes:string>

                    </lomes:description>

                </lomes:access>

            </lomes:rights>
	<lomes:classification >
                	<lomes:purpose >
                    	<lomes:source >LOM-ESv1.0</lomes:source>

                    	<lomes:value >educational level</lomes:value>

                </lomes:purpose>

                	<lomes:taxonPath >
                    	<lomes:source >
                        	<lomes:string  language="es">Nivel educativo LOM-ESv1.0</lomes:string>

                    </lomes:source>

                    	<lomes:taxon >
                        	<lomes:id >8</lomes:id>

                        	<lomes:entry >
                            	<lomes:string  language="es">Formación Profesional</lomes:string>

                        </lomes:entry>

                    </lomes:taxon>

                </lomes:taxonPath>

                	<lomes:taxonPath >
                    	<lomes:source >
                        	<lomes:string  language="es">Nivel educativo LOM-ESv1.0</lomes:string>

                    </lomes:source>

                    	<lomes:taxon >
                        	<lomes:id >7</lomes:id>

                        	<lomes:entry >
                            	<lomes:string  language="es">Programas de Cualificación Profesional Inicial</lomes:string>

                        </lomes:entry>

                    </lomes:taxon>

                </lomes:taxonPath>

                	<lomes:taxonPath >
                    	<lomes:source >
                        	<lomes:string  language="es">ETB-LRE MEC-CCAA V.1.0</lomes:string>

                    </lomes:source>

                    	<lomes:taxon >
                        	<lomes:id >M60</lomes:id>

                        	<lomes:entry >
                            	<lomes:string  language="es">60 SISTEMA EDUCATIVO</lomes:string>

                        </lomes:entry>

                    </lomes:taxon>

                    	<lomes:taxon >
                        	<lomes:id >386</lomes:id>

                        	<lomes:entry >
                            	<lomes:string  language="es">educación</lomes:string>

                        </lomes:entry>

                    </lomes:taxon>

                    	<lomes:taxon >
                        	<lomes:id >1369</lomes:id>

                        	<lomes:entry >
                            	<lomes:string  language="es">formación profesional</lomes:string>

                        </lomes:entry>

                    </lomes:taxon>

                </lomes:taxonPath>

            </lomes:classification>
	<lomes:classification >
                	<lomes:purpose >
                    	<lomes:source >LOM-ESv1.0</lomes:source>

                    	<lomes:value >educational level</lomes:value>

                </lomes:purpose>

                	<lomes:taxonPath >
                    	<lomes:source >
                        	<lomes:string  language="es">Nivel educativo LOM-ESv1.0</lomes:string>

                    </lomes:source>

                    	<lomes:taxon >
                        	<lomes:id >8</lomes:id>

                        	<lomes:entry >
                            	<lomes:string  language="es">Formación Profesional</lomes:string>

                        </lomes:entry>

                    </lomes:taxon>

                    	<lomes:taxon >
                        	<lomes:id >8.1</lomes:id>

                        	<lomes:entry >
                            	<lomes:string  language="es">Ciclo formativo de grado medio</lomes:string>

                        </lomes:entry>

                    </lomes:taxon>

                </lomes:taxonPath>

                	<lomes:taxonPath >
                    	<lomes:source >
                        	<lomes:string  language="es">ETB-LRE MEC-CCAA V.1.0</lomes:string>

                    </lomes:source>

                    	<lomes:taxon >
                        	<lomes:id >M60</lomes:id>

                        	<lomes:entry >
                            	<lomes:string  language="es">60 SISTEMA EDUCATIVO</lomes:string>

                        </lomes:entry>

                    </lomes:taxon>

                    	<lomes:taxon >
                        	<lomes:id >386</lomes:id>

                        	<lomes:entry >
                            	<lomes:string  language="es">educación</lomes:string>

                        </lomes:entry>

                    </lomes:taxon>

                    	<lomes:taxon >
                        	<lomes:id >1369</lomes:id>

                        	<lomes:entry >
                            	<lomes:string  language="es">formación profesional</lomes:string>

                        </lomes:entry>

                    </lomes:taxon>

                    	<lomes:taxon >
                        	<lomes:id >4659</lomes:id>

                        	<lomes:entry >
                            	<lomes:string  language="es">formación profesional específica</lomes:string>

                        </lomes:entry>

                    </lomes:taxon>

                    	<lomes:taxon >
                        	<lomes:id >3538</lomes:id>

                        	<lomes:entry >
                            	<lomes:string  language="es">ciclos formativos de grado medio</lomes:string>

                        </lomes:entry>

                    </lomes:taxon>

                </lomes:taxonPath>

            </lomes:classification>
	<lomes:classification >
                	<lomes:purpose >
                    	<lomes:source >LOM-ESv1.0</lomes:source>

                    	<lomes:value >educational level</lomes:value>

                </lomes:purpose>

                	<lomes:taxonPath >
                    	<lomes:source >
                        	<lomes:string  language="es">Nivel educativo LOM-ESv1.0</lomes:string>

                    </lomes:source>

                    	<lomes:taxon >
                        	<lomes:id >8</lomes:id>

                        	<lomes:entry >
                            	<lomes:string  language="es">Formación Profesional</lomes:string>

                        </lomes:entry>

                    </lomes:taxon>

                    	<lomes:taxon >
                        	<lomes:id >8.2</lomes:id>

                        	<lomes:entry >
                            	<lomes:string  language="es">Ciclo formativo de grado superior</lomes:string>

                        </lomes:entry>

                    </lomes:taxon>

                </lomes:taxonPath>

                	<lomes:taxonPath >
                    	<lomes:source >
                        	<lomes:string  language="es">ETB-LRE MEC-CCAA V.1.0</lomes:string>

                    </lomes:source>

                    	<lomes:taxon >
                        	<lomes:id >M60</lomes:id>

                        	<lomes:entry >
                            	<lomes:string  language="es">60 SISTEMA EDUCATIVO</lomes:string>

                        </lomes:entry>

                    </lomes:taxon>

                    	<lomes:taxon >
                        	<lomes:id >386</lomes:id>

                        	<lomes:entry >
                            	<lomes:string  language="es">educación</lomes:string>

                        </lomes:entry>

                    </lomes:taxon>

                    	<lomes:taxon >
                        	<lomes:id >1369</lomes:id>

                        	<lomes:entry >
                            	<lomes:string  language="es">formación profesional</lomes:string>

                        </lomes:entry>

                    </lomes:taxon>

                    	<lomes:taxon >
                        	<lomes:id >4659</lomes:id>

                        	<lomes:entry >
                            	<lomes:string  language="es">formación profesional específica</lomes:string>

                        </lomes:entry>

                    </lomes:taxon>

                    	<lomes:taxon >
                        	<lomes:id >2939</lomes:id>

                        	<lomes:entry >
                            	<lomes:string  language="es">ciclos formativos de grado superior</lomes:string>

                        </lomes:entry>

                    </lomes:taxon>

                </lomes:taxonPath>

            </lomes:classification>
	<lomes:classification >
                	<lomes:purpose >
                    	<lomes:source >LOM-ESv1.0</lomes:source>

                    	<lomes:value >discipline</lomes:value>

                </lomes:purpose>

                	<lomes:taxonPath >
                    	<lomes:source >
                        	<lomes:string  language="es">ETB-LRE MEC-CCAA V.1.0</lomes:string>

                    </lomes:source>

                    	<lomes:taxon >
                        	<lomes:id >M70</lomes:id>

                        	<lomes:entry >
                            	<lomes:string  language="es">70 CONTENIDO DE LA EDUCACIÓN</lomes:string>

                        </lomes:entry>

                    </lomes:taxon>

                    	<lomes:taxon >
                        	<lomes:id >M70.70</lomes:id>

                        	<lomes:entry >
                            	<lomes:string  language="es">70.70 ACTIVIDADES EXTRAESCOLARES Y ÁREAS TRANSVERSALES DEL CURRICULUM</lomes:string>

                        </lomes:entry>

                    </lomes:taxon>

                    	<lomes:taxon >
                        	<lomes:id >292</lomes:id>

                        	<lomes:entry >
                            	<lomes:string  language="es">educación transversal</lomes:string>

                        </lomes:entry>

                    </lomes:taxon>

                    	<lomes:taxon >
                        	<lomes:id >1177</lomes:id>

                        	<lomes:entry >
                            	<lomes:string  language="es">educación sexual</lomes:string>

                        </lomes:entry>

                    </lomes:taxon>

                </lomes:taxonPath>

            </lomes:classification>
	<lomes:classification >
                	<lomes:purpose >
                    	<lomes:source >LOM-ESv1.0</lomes:source>

                    	<lomes:value >discipline</lomes:value>

                </lomes:purpose>

                	<lomes:taxonPath >
                    	<lomes:source >
                        	<lomes:string  language="es">ETB-LRE MEC-CCAA V.1.0</lomes:string>

                    </lomes:source>

                    	<lomes:taxon >
                        	<lomes:id >M70</lomes:id>

                        	<lomes:entry >
                            	<lomes:string  language="es">70 CONTENIDO DE LA EDUCACIÓN</lomes:string>

                        </lomes:entry>

                    </lomes:taxon>

                    	<lomes:taxon >
                        	<lomes:id >M70.70</lomes:id>

                        	<lomes:entry >
                            	<lomes:string  language="es">70.70 ACTIVIDADES EXTRAESCOLARES Y ÁREAS TRANSVERSALES DELCURRICULUM</lomes:string>

                        </lomes:entry>

                    </lomes:taxon>

                    	<lomes:taxon >
                        	<lomes:id >292</lomes:id>

                        	<lomes:entry >
                            	<lomes:string  language="es">educación transversal</lomes:string>

                        </lomes:entry>

                    </lomes:taxon>

                    	<lomes:taxon >
                        	<lomes:id >583</lomes:id>

                        	<lomes:entry >
                            	<lomes:string  language="es">educación para la salud</lomes:string>

                        </lomes:entry>

                    </lomes:taxon>

                </lomes:taxonPath>

            </lomes:classification>
</lomes:lom>

