<?xml version="1.0" encoding="UTF-8"?>
<!-- Generated by eXe - http://exelearning.net -->
<manifest identifier="eXeOAZotero58a305a0237b2002b31" xmlns="http://www.imsproject.org/xsd/imscp_rootv1p1p2" xmlns:adlcp="http://www.adlnet.org/xsd/adlcp_rootv1p2" xmlns:imsmd="http://www.imsglobal.org/xsd/imsmd_v1p2" xmlns:xsi="http://www.w3.org/2001/XMLSchema-instance" xsi:schemaLocation="http://www.imsproject.org/xsd/imscp_rootv1p1p2 imscp_rootv1p1p2.xsd http://www.imsglobal.org/xsd/imsmd_rootv1p2p1 imsmd_rootv1p2p1.xsd http://www.adlnet.org/xsd/adlcp_rootv1p2 adlcp_rootv1p2.xsd" > 
<metadata> 
 <schema>ADL SCORM</schema> 
 <schemaversion>1.2</schemaversion> 
 <adlcp:location>imslrm.xml</adlcp:location> 
</metadata> 
<organizations default="eXeOAZotero58a305a0237b2002b32">  
    <organization identifier="eXeOAZotero58a305a0237b2002b32" structure="hierarchical">
        <title>Gestionar citas de diversas fuentes por medio de Zotero.</title>
<item identifier="ITEM-eXeOAZotero58a305a0237b2002b33" isvisible="true" identifierref="RES-eXeOAZotero58a305a0237b2002b34">
    <title>Gestión de Referencias Bibliográficas</title>
<item identifier="ITEM-eXeOAZotero58a305a0237b2002b35" isvisible="true" identifierref="RES-eXeOAZotero58a305a0237b2002b36">
    <title>Tema: ¿Para qué escribir?</title>
<item identifier="ITEM-eXeOAZotero58a305a0237b2002b37" isvisible="true" identifierref="RES-eXeOAZotero58a305a0237b2002b38">
    <title>Función epistémica y pedagógica de la escritura</title>
</item>
</item>
<item identifier="ITEM-eXeOAZotero58a305a0237b2002b39" isvisible="true" identifierref="RES-eXeOAZotero58a305a0237b2002b3a">
    <title>Tema: Normas de citado</title>
</item>
<item identifier="ITEM-eXeOAZotero58a305a0237b2002b3b" isvisible="true" identifierref="RES-eXeOAZotero58a305a0237b2002b3c">
    <title>Tema: ¿Qué es un gestor de referencias?</title>
</item>
<item identifier="ITEM-eXeOAZotero58a305a0237b2002b3d" isvisible="true" identifierref="RES-eXeOAZotero58a305a0237b2002b3e">
    <title>Tema: Características de Zotero</title>
</item>
<item identifier="ITEM-eXeOAZotero58a305a0237b2002b4f" isvisible="true" identifierref="RES-eXeOAZotero58a305a0237b2002b410">
    <title>Tema: Instalación de Zotero</title>
</item>
<item identifier="ITEM-eXeOAZotero58a305a0237b2002b411" isvisible="true" identifierref="RES-eXeOAZotero58a305a0237b2002b412">
    <title>Tema: Uso de Zotero</title>
<item identifier="ITEM-eXeOAZotero58a305a0237b2002b413" isvisible="true" identifierref="RES-eXeOAZotero58a305a0237b2002b414">
    <title>Gestión de referencias bibliográficas</title>
</item>
</item>
<item identifier="ITEM-eXeOAZotero58a305a0237b2002b415" isvisible="true" identifierref="RES-eXeOAZotero58a305a0237b2002b416">
    <title>Cuestionario de autoevaluación</title>
    <adlcp:masteryscore>50</adlcp:masteryscore>
</item>
<item identifier="ITEM-eXeOAZotero58a305a0237b2002b517" isvisible="true" identifierref="RES-eXeOAZotero58a305a0237b2002b518">
    <title>Fuentes de referencia</title>
</item>
</item>
  </organization>
</organizations>
<resources>
  <resource identifier="RES-eXeOAZotero58a305a0237b2002b34" type="webcontent" adlcp:scormtype="sco" href="index.html"> 
    <file href="index.html"/> 
    <file href="common.js"/>
    <dependency identifierref="COMMON_FILES"/>
  </resource>
  <resource identifier="RES-eXeOAZotero58a305a0237b2002b36" type="webcontent" adlcp:scormtype="sco" href="tema_para_qu_escribir.html"> 
    <file href="tema_para_qu_escribir.html"/> 
    <dependency identifierref="COMMON_FILES"/>
  </resource>
  <resource identifier="RES-eXeOAZotero58a305a0237b2002b38" type="webcontent" adlcp:scormtype="sco" href="funcin_epistmica_y_pedaggica_de_la_escritura.html"> 
    <file href="funcin_epistmica_y_pedaggica_de_la_escritura.html"/> 
    <dependency identifierref="COMMON_FILES"/>
  </resource>
  <resource identifier="RES-eXeOAZotero58a305a0237b2002b3a" type="webcontent" adlcp:scormtype="sco" href="tema_normas_de_citado.html"> 
    <file href="tema_normas_de_citado.html"/> 
    <dependency identifierref="COMMON_FILES"/>
  </resource>
  <resource identifier="RES-eXeOAZotero58a305a0237b2002b3c" type="webcontent" adlcp:scormtype="sco" href="tema_qu_es_un_gestor_de_referencias.html"> 
    <file href="tema_qu_es_un_gestor_de_referencias.html"/> 
    <file href="common.js"/>
    <dependency identifierref="COMMON_FILES"/>
  </resource>
  <resource identifier="RES-eXeOAZotero58a305a0237b2002b3e" type="webcontent" adlcp:scormtype="sco" href="tema_caractersticas_de_zotero.html"> 
    <file href="tema_caractersticas_de_zotero.html"/> 
    <dependency identifierref="COMMON_FILES"/>
  </resource>
  <resource identifier="RES-eXeOAZotero58a305a0237b2002b410" type="webcontent" adlcp:scormtype="sco" href="tema_instalacin_de_zotero.html"> 
    <file href="tema_instalacin_de_zotero.html"/> 
    <file href="icono_browser.png"/>
    <file href="Captura_luego_instalar_sugiere_JAva.PNG"/>
    <file href="Captura_anadir_plugin_firefox.PNG"/>
    <file href="Captura_luego_instalar_sugiere_plugin_writer.PNG"/>
    <file href="Captura_firefox_Z.PNG"/>
    <file href="Captura_permiso_plugin_firefox.PNG"/>
    <file href="Captura_luego_instalar_directorio_procesador.PNG"/>
    <file href="Captura_zotero_pag_inicio.PNG"/>
    <file href="Captura_writer_zotero.PNG"/>
    <dependency identifierref="COMMON_FILES"/>
  </resource>
  <resource identifier="RES-eXeOAZotero58a305a0237b2002b412" type="webcontent" adlcp:scormtype="sco" href="tema_uso_de_zotero.html"> 
    <file href="tema_uso_de_zotero.html"/> 
    <dependency identifierref="COMMON_FILES"/>
  </resource>
  <resource identifier="RES-eXeOAZotero58a305a0237b2002b414" type="webcontent" adlcp:scormtype="sco" href="gestin_de_referencias_bibliogrficas.html"> 
    <file href="gestin_de_referencias_bibliogrficas.html"/> 
    <dependency identifierref="COMMON_FILES"/>
  </resource>
  <resource identifier="RES-eXeOAZotero58a305a0237b2002b416" type="webcontent" adlcp:scormtype="sco" href="cuestionario_de_autoevaluacin.html"> 
    <file href="cuestionario_de_autoevaluacin.html"/> 
    <file href="common.js"/>
    <dependency identifierref="COMMON_FILES"/>
  </resource>
  <resource identifier="RES-eXeOAZotero58a305a0237b2002b518" type="webcontent" adlcp:scormtype="sco" href="fuentes_de_referencia.html"> 
    <file href="fuentes_de_referencia.html"/> 
    <dependency identifierref="COMMON_FILES"/>
  </resource>
  <resource identifier="COMMON_FILES" type="webcontent" adlcp:scormtype="asset">
    <file href="icon_web_resource.gif"/>
    <file href="icon_present.gif"/>
    <file href="icon_e_journal.gif"/>
    <file href="icon_assignment.gif"/>
    <file href="icon_gallery.gif"/>
    <file href="icon_inter.gif"/>
    <file href="my_nav_arrow.gif"/>
    <file href="my_hide_show.png"/>
    <file href="config.xml"/>
    <file href="icon_reflection.gif"/>
    <file href="nav.css"/>
    <file href="icon_review.gif"/>
    <file href="icon_attention.gif"/>
    <file href="icon_reading.gif"/>
    <file href="icon_assess.gif"/>
    <file href="icon_discussion.gif"/>
    <file href="icon_time.gif"/>
    <file href="icon_synthesis.gif"/>
    <file href="icon_technology.gif"/>
    <file href="icon_question.gif"/>
    <file href="my_js.js"/>
    <file href="icon_activity.gif"/>
    <file href="my_ims_header.jpg"/>
    <file href="my_list.gif"/>
    <file href="icon_e_gloss.gif"/>
    <file href="content.css"/>
    <file href="my_header_fullscreen.jpg"/>
    <file href="icon_calc.gif"/>
    <file href="icon_preknowledge.gif"/>
    <file href="icon_summary.gif"/>
    <file href="icon_objectives.gif"/>
    <file href="icon_experiment.gif"/>
    <file href="my_logo.jpg"/>
    <file href="icon_diagnosis.gif"/>
    <file href="my_header.jpg"/>
    <file href="icon_key_points.gif"/>
    <file href="icon_casestudy.gif"/>
    <file href="icon_multimedia.gif"/>
    <file href="icon_generic.gif"/>
    <file href="icon_define.gif"/>
    <file href="base.css"/>
    <file href="popup_bg.gif"/>
    <file href="SCORM_API_wrapper.js"/>
    <file href="SCOFunctions.js"/>
    <file href="exe_jquery.js"/>
  </resource>
</resources>
</manifest>
