<?xml version="1.0" encoding="UTF-8"?>
<!-- Generated by eXe - http://exelearning.net -->
<manifest identifier="eXee_Integral570f293722056b9c181" xmlns="http://www.imsproject.org/xsd/imscp_rootv1p1p2" xmlns:adlcp="http://www.adlnet.org/xsd/adlcp_rootv1p2" xmlns:imsmd="http://www.imsglobal.org/xsd/imsmd_v1p2" xmlns:xsi="http://www.w3.org/2001/XMLSchema-instance" xsi:schemaLocation="http://www.imsproject.org/xsd/imscp_rootv1p1p2 imscp_rootv1p1p2.xsd http://www.imsglobal.org/xsd/imsmd_rootv1p2p1 imsmd_rootv1p2p1.xsd http://www.adlnet.org/xsd/adlcp_rootv1p2 adlcp_rootv1p2.xsd" > 
<metadata> 
 <schema>ADL SCORM</schema> 
 <schemaversion>1.2</schemaversion> 
 <adlcp:location>imslrm.xml</adlcp:location> 
</metadata> 
<organizations default="eXee_Integral570f293722056b9c182">  
    <organization identifier="eXee_Integral570f293722056b9c182" structure="hierarchical">
        <title>Inicio</title>
<item identifier="ITEM-eXee_Integral570f293722056b9c183" isvisible="true" identifierref="RES-eXee_Integral570f293722056b9c184">
    <title>Inicio</title>
<item identifier="ITEM-eXee_Integral570f293722056b9c185" isvisible="true" identifierref="RES-eXee_Integral570f293722056b9c186">
    <title>Objetivo Específico de Aprendizaje</title>
</item>
<item identifier="ITEM-eXee_Integral570f293722056b9c187" isvisible="true" identifierref="RES-eXee_Integral570f293722056b9c188">
    <title>Contenidos</title>
<item identifier="ITEM-eXee_Integral570f293722056b9c189" isvisible="true" identifierref="RES-eXee_Integral570f293722056b9c18a">
    <title>Plano de Rotación</title>
</item>
<item identifier="ITEM-eXee_Integral570f293722056b9c18b" isvisible="true" identifierref="RES-eXee_Integral570f293722056b9c18c">
    <title>Eje de Rotación</title>
</item>
<item identifier="ITEM-eXee_Integral570f293722056b9c18d" isvisible="true" identifierref="RES-eXee_Integral570f293722056b9c18e">
    <title>Sólidos de Revolución</title>
</item>
<item identifier="ITEM-eXee_Integral570f293722056b9c1af" isvisible="true" identifierref="RES-eXee_Integral570f293722056b9c1a10">
    <title>Región Diferencial y Límites de Integración</title>
</item>
<item identifier="ITEM-eXee_Integral570f293722056b9c1a11" isvisible="true" identifierref="RES-eXee_Integral570f293722056b9c1a12">
    <title>Discos, Arandelas y Cascarones cilíndricos</title>
</item>
<item identifier="ITEM-eXee_Integral570f293722056b9c1a13" isvisible="true" identifierref="RES-eXee_Integral570f293722056b9c1a14">
    <title>Repaso Teórico / Práctico de Métodos</title>
</item>
</item>
<item identifier="ITEM-eXee_Integral570f293722056b9c1a15" isvisible="true" identifierref="RES-eXee_Integral570f293722056b9c1a16">
    <title>Actividades</title>
<item identifier="ITEM-eXee_Integral570f293722056b9c1a17" isvisible="true" identifierref="RES-eXee_Integral570f293722056b9c1a18">
    <title>Abstracción Tridimensional</title>
</item>
<item identifier="ITEM-eXee_Integral570f293722056b9c1a19" isvisible="true" identifierref="RES-eXee_Integral570f293722056b9c1a1a">
    <title>Rotación de Región Diferencial</title>
</item>
<item identifier="ITEM-eXee_Integral570f293722056b9c1a1b" isvisible="true" identifierref="RES-eXee_Integral570f293722056b9c1a1c">
    <title>Rotación de Región Plana</title>
</item>
<item identifier="ITEM-eXee_Integral570f293722056b9c1a1d" isvisible="true" identifierref="RES-eXee_Integral570f293722056b9c1a1e">
    <title>Volumen por discos eje x</title>
</item>
<item identifier="ITEM-eXee_Integral570f293722056b9c1b1f" isvisible="true" identifierref="RES-eXee_Integral570f293722056b9c1b20">
    <title>Volumen por arandelas, eje x</title>
</item>
</item>
<item identifier="ITEM-eXee_Integral570f293722056b9c1b21" isvisible="true" identifierref="RES-eXee_Integral570f293722056b9c1b22">
    <title>Autoevaluación</title>
</item>
<item identifier="ITEM-eXee_Integral570f293722056b9c1f23" isvisible="true" identifierref="RES-eXee_Integral570f293722056b9c1f24">
    <title>Referencias</title>
</item>
<item identifier="ITEM-eXee_Integral570f293722056b9c1f25" isvisible="true" identifierref="RES-eXee_Integral570f293722056b9c1f26">
    <title>Autor</title>
</item>
</item>
  </organization>
</organizations>
<resources>
  <resource identifier="RES-eXee_Integral570f293722056b9c184" type="webcontent" adlcp:scormtype="sco" href="index.html"> 
    <file href="index.html"/> 
    <file href="problema.png"/>
    <dependency identifierref="COMMON_FILES"/>
  </resource>
  <resource identifier="RES-eXee_Integral570f293722056b9c186" type="webcontent" adlcp:scormtype="sco" href="objetivo_especfico_de_aprendizaje.html"> 
    <file href="objetivo_especfico_de_aprendizaje.html"/> 
    <file href="common.js"/>
    <dependency identifierref="COMMON_FILES"/>
  </resource>
  <resource identifier="RES-eXee_Integral570f293722056b9c188" type="webcontent" adlcp:scormtype="sco" href="contenidos.html"> 
    <file href="contenidos.html"/> 
    <dependency identifierref="COMMON_FILES"/>
  </resource>
  <resource identifier="RES-eXee_Integral570f293722056b9c18a" type="webcontent" adlcp:scormtype="sco" href="plano_de_rotacin.html"> 
    <file href="plano_de_rotacin.html"/> 

    <file href="exe_lightbox.js"/>
    <file href="exe_lightbox.css"/>
    <file href="exe_lightbox_close.png"/>
    <file href="exe_lightbox_loading.gif"/>
    <file href="exe_lightbox_next.png"/>
    <file href="exe_lightbox_prev.png"/>
    <file href="ecuacion1.png"/>
    <file href="teoria2.1Thumbnail.png"/>
    <file href="ecuacion2.png"/>
    <file href="teoria1.1Thumbnail.png"/>
    <file href="teoria3-1.png"/>
    <file href="teoria1.1.png"/>
    <file href="teoria3-1Thumbnail.png"/>
    <file href="teoria2.1.png"/>
    <dependency identifierref="COMMON_FILES"/>
  </resource>
  <resource identifier="RES-eXee_Integral570f293722056b9c18c" type="webcontent" adlcp:scormtype="sco" href="eje_de_rotacin.html"> 
    <file href="eje_de_rotacin.html"/> 
    <file href="teoria4.png"/>
    <dependency identifierref="COMMON_FILES"/>
  </resource>
  <resource identifier="RES-eXee_Integral570f293722056b9c18e" type="webcontent" adlcp:scormtype="sco" href="slidos_de_revolucin.html"> 
    <file href="slidos_de_revolucin.html"/> 

    <file href="exe_lightbox.js"/>
    <file href="exe_lightbox.css"/>
    <file href="exe_lightbox_close.png"/>
    <file href="exe_lightbox_loading.gif"/>
    <file href="exe_lightbox_next.png"/>
    <file href="exe_lightbox_prev.png"/>
    <file href="vista3-1Thumbnail.png"/>
    <file href="vista 1-2.png"/>
    <file href="vista 1-4Thumbnail.png"/>
    <file href="vista2-3Thumbnail.png"/>
    <file href="vista3-2.png"/>
    <file href="vista3-2Thumbnail.png"/>
    <file href="vista2-1Thumbnail.png"/>
    <file href="vista 1-3.png"/>
    <file href="vista2-4Thumbnail.png"/>
    <file href="vista2-4.png"/>
    <file href="vista 1-2Thumbnail.png"/>
    <file href="vista3-4.png"/>
    <file href="vista3-1.png"/>
    <file href="vista 1-3Thumbnail.png"/>
    <file href="vista2-2Thumbnail.png"/>
    <file href="teoria4Thumbnail.png"/>
    <file href="teoria4.png"/>
    <file href="vista3-3.png"/>
    <file href="vista 1-4.png"/>
    <file href="vista2-3.png"/>
    <file href="vista2-2.png"/>
    <file href="vista2-1.png"/>
    <file href="vista3-3Thumbnail.png"/>
    <file href="vista3-4Thumbnail.png"/>
    <dependency identifierref="COMMON_FILES"/>
  </resource>
  <resource identifier="RES-eXee_Integral570f293722056b9c1a10" type="webcontent" adlcp:scormtype="sco" href="regin_diferencial_y_lmites_de_integracin.html"> 
    <file href="regin_diferencial_y_lmites_de_integracin.html"/> 

    <file href="exe_lightbox.js"/>
    <file href="exe_lightbox.css"/>
    <file href="exe_lightbox_close.png"/>
    <file href="exe_lightbox_loading.gif"/>
    <file href="exe_lightbox_next.png"/>
    <file href="exe_lightbox_prev.png"/>
    <file href="barrido1Thumbnail.png"/>
    <file href="barrido2.png"/>
    <file href="barrido3.png"/>
    <file href="barrido2Thumbnail.png"/>
    <file href="barrido1.png"/>
    <file href="diferencial.png"/>
    <file href="barrido3Thumbnail.png"/>
    <dependency identifierref="COMMON_FILES"/>
  </resource>
  <resource identifier="RES-eXee_Integral570f293722056b9c1a12" type="webcontent" adlcp:scormtype="sco" href="discos_arandelas_y_cascarones_cilndricos.html"> 
    <file href="discos_arandelas_y_cascarones_cilndricos.html"/> 
    <file href="metodos1.png"/>
    <file href="metodos2.png"/>
    <file href="metodos3.png"/>
    <file href="descarga3.gif"/>
    <file href="descarga1.png"/>
    <file href="descarga2.gif"/>
    <dependency identifierref="COMMON_FILES"/>
  </resource>
  <resource identifier="RES-eXee_Integral570f293722056b9c1a14" type="webcontent" adlcp:scormtype="sco" href="repaso_terico__prctico_de_mtodos.html"> 
    <file href="repaso_terico__prctico_de_mtodos.html"/> 
    <dependency identifierref="COMMON_FILES"/>
  </resource>
  <resource identifier="RES-eXee_Integral570f293722056b9c1a16" type="webcontent" adlcp:scormtype="sco" href="actividades.html"> 
    <file href="actividades.html"/> 
    <file href="actividad-05.png"/>
    <dependency identifierref="COMMON_FILES"/>
  </resource>
  <resource identifier="RES-eXee_Integral570f293722056b9c1a18" type="webcontent" adlcp:scormtype="sco" href="abstraccin_tridimensional.html"> 
    <file href="abstraccin_tridimensional.html"/> 
    <file href="common.js"/>
    <dependency identifierref="COMMON_FILES"/>
  </resource>
  <resource identifier="RES-eXee_Integral570f293722056b9c1a1a" type="webcontent" adlcp:scormtype="sco" href="rotacin_de_regin_diferencial.html"> 
    <file href="rotacin_de_regin_diferencial.html"/> 
    <file href="common.js"/>
    <dependency identifierref="COMMON_FILES"/>
  </resource>
  <resource identifier="RES-eXee_Integral570f293722056b9c1a1c" type="webcontent" adlcp:scormtype="sco" href="rotacin_de_regin_plana.html"> 
    <file href="rotacin_de_regin_plana.html"/> 
    <file href="common.js"/>
    <dependency identifierref="COMMON_FILES"/>
  </resource>
  <resource identifier="RES-eXee_Integral570f293722056b9c1a1e" type="webcontent" adlcp:scormtype="sco" href="volumen_por_discos_eje_x.html"> 
    <file href="volumen_por_discos_eje_x.html"/> 
    <file href="common.js"/>
    <dependency identifierref="COMMON_FILES"/>
  </resource>
  <resource identifier="RES-eXee_Integral570f293722056b9c1b20" type="webcontent" adlcp:scormtype="sco" href="volumen_por_arandelas_eje_x.html"> 
    <file href="volumen_por_arandelas_eje_x.html"/> 
    <file href="common.js"/>
    <dependency identifierref="COMMON_FILES"/>
  </resource>
  <resource identifier="RES-eXee_Integral570f293722056b9c1b22" type="webcontent" adlcp:scormtype="sco" href="autoevaluacin.html"> 
    <file href="autoevaluacin.html"/> 
    <file href="SOLID_REVOLUCION.png"/>
    <file href="region_dif_1.png"/>
    <file href="region_dif_2.png"/>
    <file href="region_bajo_la_curva.png"/>
    <file href="common.js"/>
    <dependency identifierref="COMMON_FILES"/>
  </resource>
  <resource identifier="RES-eXee_Integral570f293722056b9c1f24" type="webcontent" adlcp:scormtype="sco" href="referencias.html"> 
    <file href="referencias.html"/> 
    <dependency identifierref="COMMON_FILES"/>
  </resource>
  <resource identifier="RES-eXee_Integral570f293722056b9c1f26" type="webcontent" adlcp:scormtype="sco" href="autor.html"> 
    <file href="autor.html"/> 
    <dependency identifierref="COMMON_FILES"/>
  </resource>
  <resource identifier="COMMON_FILES" type="webcontent" adlcp:scormtype="asset">
    <file href="content.css"/>
    <file href="favicon.ico"/>
    <file href="icon_activity.gif"/>
    <file href="icon_assignment.gif"/>
    <file href="icon_attention.gif"/>
    <file href="icon_autoevaluacionfpd.gif"/>
    <file href="icon_calc.gif"/>
    <file href="icon_casestudy.gif"/>
    <file href="icon_casopracticofpd.gif"/>
    <file href="icon_citasparapensarfpd.gif"/>
    <file href="icon_debesconocerfpd.gif"/>
    <file href="icon_define.gif"/>
    <file href="icon_diagnosis.gif"/>
    <file href="icon_discussion.gif"/>
    <file href="icon_ejercicioresueltofpd.gif"/>
    <file href="icon_experiment.gif"/>
    <file href="icon_e_gloss.gif"/>
    <file href="icon_e_journal.gif"/>
    <file href="icon_gallery.gif"/>
    <file href="icon_generic.gif"/>
    <file href="icon_inter.gif"/>
    <file href="icon_key_points.gif"/>
    <file href="icon_magnifier.gif"/>
    <file href="icon_multimedia.gif"/>
    <file href="icon_objectives.gif"/>
    <file href="icon_orientacionesfpd.gif"/>
    <file href="icon_parasabermasfpd.gif"/>
    <file href="icon_preknowledge.gif"/>
    <file href="icon_present.gif"/>
    <file href="icon_question.gif"/>
    <file href="icon_reading.gif"/>
    <file href="icon_recomendacionfpd.gif"/>
    <file href="icon_reflection.gif"/>
    <file href="icon_reflexionfpd.gif"/>
    <file href="icon_review.gif"/>
    <file href="icon_summary.gif"/>
    <file href="icon_synthesis.gif"/>
    <file href="icon_technology.gif"/>
    <file href="icon_time.gif"/>
    <file href="icon_web_resource.gif"/>
    <file href="idevice_cabecera.gif"/>
    <file href="idevice_lateral.gif"/>
    <file href="my_header.jpg"/>
    <file href="my_ims_header.jpg"/>
    <file href="my_list.gif"/>
    <file href="my_logo.jpg"/>
    <file href="nav.css"/>
    <file href="panel-amusements.png"/>
    <file href="popup_bg.gif"/>
    <file href="base.css"/>
    <file href="popup_bg.gif"/>
    <file href="SCORM_API_wrapper.js"/>
    <file href="SCOFunctions.js"/>
    <file href="exe_jquery.js"/>
  </resource>
</resources>
</manifest>
